class,image
Brackets_left,dataset/Brackets_left/10 Arial.jpg
Brackets_left,dataset/Brackets_left/10 Calibri.jpg
Brackets_left,dataset/Brackets_left/10 Segoe UI Semilight.jpg
Brackets_left,dataset/Brackets_left/11 Arial.jpg
Brackets_left,dataset/Brackets_left/11 Calibri.jpg
Brackets_left,dataset/Brackets_left/11 Courier New.jpg
Brackets_left,dataset/Brackets_left/11 Segoe UI Semilight.jpg
Brackets_left,dataset/Brackets_left/11 Times New Roman.jpg
Brackets_left,dataset/Brackets_left/12 Arial.jpg
Brackets_left,dataset/Brackets_left/12 Calibri.jpg
Brackets_left,dataset/Brackets_left/12 Courier New.jpg
Brackets_left,dataset/Brackets_left/12 Tahoma.jpg
Brackets_left,dataset/Brackets_left/12 Times New Roman.jpg
Brackets_left,dataset/Brackets_left/13 Arial.jpg
Brackets_left,dataset/Brackets_left/13 Calibri.jpg
Brackets_left,dataset/Brackets_left/13 Courier New.jpg
Brackets_left,dataset/Brackets_left/13 Segoe UI Semilight.jpg
Brackets_left,dataset/Brackets_left/13 Tahoma.jpg
Brackets_left,dataset/Brackets_left/13 Times New Roman.jpg
Brackets_left,dataset/Brackets_left/14 Arial.jpg
Brackets_left,dataset/Brackets_left/14 Calibri.jpg
Brackets_left,dataset/Brackets_left/14 Courier New.jpg
Brackets_left,dataset/Brackets_left/14 Segoe UI Semilight.jpg
Brackets_left,dataset/Brackets_left/14 Tahoma.jpg
Brackets_left,dataset/Brackets_left/14 Times New Roman.jpg
Brackets_left,dataset/Brackets_left/15 Arial.jpg
Brackets_left,dataset/Brackets_left/15 Calibri.jpg
Brackets_left,dataset/Brackets_left/15 Courier New.jpg
Brackets_left,dataset/Brackets_left/15 Segoe UI Semilight.jpg
Brackets_left,dataset/Brackets_left/15 Tahoma.jpg
Brackets_left,dataset/Brackets_left/15 Times New Roman.jpg
Brackets_left,dataset/Brackets_left/16 Arial.jpg
Brackets_left,dataset/Brackets_left/16 Calibri.jpg
Brackets_left,dataset/Brackets_left/16 Courier New.jpg
Brackets_left,dataset/Brackets_left/16 Segoe UI Semilight.jpg
Brackets_left,dataset/Brackets_left/16 Tahoma.jpg
Brackets_left,dataset/Brackets_left/16 Times New Roman.jpg
Brackets_left,dataset/Brackets_left/17 Arial.jpg
Brackets_left,dataset/Brackets_left/17 Calibri.jpg
Brackets_left,dataset/Brackets_left/17 Courier New.jpg
Brackets_left,dataset/Brackets_left/17 Segoe UI Semilight.jpg
Brackets_left,dataset/Brackets_left/17 Tahoma.jpg
Brackets_left,dataset/Brackets_left/17 Times New Roman.jpg
Brackets_left,dataset/Brackets_left/18 Arial.jpg
Brackets_left,dataset/Brackets_left/18 Calibri.jpg
Brackets_left,dataset/Brackets_left/18 Courier New.jpg
Brackets_left,dataset/Brackets_left/18 Segoe UI Semilight.jpg
Brackets_left,dataset/Brackets_left/18 Tahoma.jpg
Brackets_left,dataset/Brackets_left/18 Times New Roman.jpg
Brackets_left,dataset/Brackets_left/19 Arial.jpg
Brackets_left,dataset/Brackets_left/19 Calibri.jpg
Brackets_left,dataset/Brackets_left/19 Courier New.jpg
Brackets_left,dataset/Brackets_left/19 Segoe UI Semilight.jpg
Brackets_left,dataset/Brackets_left/19 Tahoma.jpg
Brackets_left,dataset/Brackets_left/19 Times New Roman.jpg
Brackets_left,dataset/Brackets_left/20 Arial.jpg
Brackets_left,dataset/Brackets_left/20 Calibri.jpg
Brackets_left,dataset/Brackets_left/20 Courier New.jpg
Brackets_left,dataset/Brackets_left/20 Segoe UI Semilight.jpg
Brackets_left,dataset/Brackets_left/20 Tahoma.jpg
Brackets_left,dataset/Brackets_left/20 Times New Roman.jpg
Brackets_left,dataset/Brackets_left/21 Arial.jpg
Brackets_left,dataset/Brackets_left/21 Calibri.jpg
Brackets_left,dataset/Brackets_left/21 Courier New.jpg
Brackets_left,dataset/Brackets_left/21 Segoe UI Semilight.jpg
Brackets_left,dataset/Brackets_left/21 Tahoma.jpg
Brackets_left,dataset/Brackets_left/21 Times New Roman.jpg
Brackets_left,dataset/Brackets_left/22 Arial.jpg
Brackets_left,dataset/Brackets_left/22 Calibri.jpg
Brackets_left,dataset/Brackets_left/22 Courier New.jpg
Brackets_left,dataset/Brackets_left/22 Segoe UI Semilight.jpg
Brackets_left,dataset/Brackets_left/22 Tahoma.jpg
Brackets_left,dataset/Brackets_left/22 Times New Roman.jpg
Brackets_left,dataset/Brackets_left/23 Arial.jpg
Brackets_left,dataset/Brackets_left/23 Calibri.jpg
Brackets_left,dataset/Brackets_left/23 Courier New.jpg
Brackets_left,dataset/Brackets_left/23 Segoe UI Semilight.jpg
Brackets_left,dataset/Brackets_left/23 Tahoma.jpg
Brackets_left,dataset/Brackets_left/23 Times New Roman.jpg
Brackets_left,dataset/Brackets_left/24 Arial.jpg
Brackets_left,dataset/Brackets_left/24 Calibri.jpg
Brackets_left,dataset/Brackets_left/24 Courier New.jpg
Brackets_left,dataset/Brackets_left/24 Segoe UI Semilight.jpg
Brackets_left,dataset/Brackets_left/24 Tahoma.jpg
Brackets_left,dataset/Brackets_left/24 Times New Roman.jpg
Brackets_left,dataset/Brackets_left/25 Arial.jpg
Brackets_left,dataset/Brackets_left/25 Calibri.jpg
Brackets_left,dataset/Brackets_left/25 Courier New.jpg
Brackets_left,dataset/Brackets_left/25 Segoe UI Semilight.jpg
Brackets_left,dataset/Brackets_left/25 Tahoma.jpg
Brackets_left,dataset/Brackets_left/25 Times New Roman.jpg
Brackets_left,dataset/Brackets_left/26 Arial.jpg
Brackets_left,dataset/Brackets_left/26 Calibri.jpg
Brackets_left,dataset/Brackets_left/26 Courier New.jpg
Brackets_left,dataset/Brackets_left/26 Segoe UI Semilight.jpg
Brackets_left,dataset/Brackets_left/26 Tahoma.jpg
Brackets_left,dataset/Brackets_left/26 Times New Roman.jpg
Brackets_left,dataset/Brackets_left/27 Arial.jpg
Brackets_left,dataset/Brackets_left/27 Calibri.jpg
Brackets_left,dataset/Brackets_left/27 Courier New.jpg
Brackets_left,dataset/Brackets_left/27 Segoe UI Semilight.jpg
Brackets_left,dataset/Brackets_left/27 Tahoma.jpg
Brackets_left,dataset/Brackets_left/27 Times New Roman.jpg
Brackets_left,dataset/Brackets_left/28 Arial.jpg
Brackets_left,dataset/Brackets_left/28 Calibri.jpg
Brackets_left,dataset/Brackets_left/28 Courier New.jpg
Brackets_left,dataset/Brackets_left/28 Segoe UI Semilight.jpg
Brackets_left,dataset/Brackets_left/28 Tahoma.jpg
Brackets_left,dataset/Brackets_left/28 Times New Roman.jpg
Brackets_left,dataset/Brackets_left/29 Arial.jpg
Brackets_left,dataset/Brackets_left/29 Courier New.jpg
Brackets_left,dataset/Brackets_left/29 Segoe UI Semilight.jpg
Brackets_left,dataset/Brackets_left/29 Tahoma.jpg
Brackets_left,dataset/Brackets_left/29 Times New Roman.jpg
Brackets_left,dataset/Brackets_left/30 Courier New.jpg
Brackets_left,dataset/Brackets_left/30 Segoe UI Semilight.jpg
Brackets_left,dataset/Brackets_left/30 Tahoma.jpg
Brackets_left,dataset/Brackets_left/30 Times New Roman.jpg
Brackets_left,dataset/Brackets_left/31 Courier New.jpg
Brackets_left,dataset/Brackets_left/31 Segoe UI Semilight.jpg
Brackets_left,dataset/Brackets_left/31 Tahoma.jpg
Brackets_left,dataset/Brackets_left/31 Times New Roman.jpg
Brackets_left,dataset/Brackets_left/32 Courier New.jpg
Brackets_left,dataset/Brackets_left/32 Tahoma.jpg
Brackets_left,dataset/Brackets_left/32 Times New Roman.jpg
Brackets_left,dataset/Brackets_left/33 Courier New.jpg
Brackets_left,dataset/Brackets_left/33 Tahoma.jpg
Brackets_left,dataset/Brackets_left/33 Times New Roman.jpg
Brackets_left,dataset/Brackets_left/34 Courier New.jpg
Brackets_left,dataset/Brackets_left/34 Tahoma.jpg
Brackets_left,dataset/Brackets_left/34 Times New Roman.jpg
Brackets_left,dataset/Brackets_left/35 Courier New.jpg
Brackets_left,dataset/Brackets_left/35 Tahoma.jpg
Brackets_left,dataset/Brackets_left/35 Times New Roman.jpg
Brackets_left,dataset/Brackets_left/36 Courier New.jpg
Brackets_left,dataset/Brackets_left/36 Tahoma.jpg
Brackets_left,dataset/Brackets_left/36 Times New Roman.jpg
Brackets_left,dataset/Brackets_left/37 Courier New.jpg
Brackets_left,dataset/Brackets_left/37 Tahoma.jpg
Brackets_left,dataset/Brackets_left/37 Times New Roman.jpg
Brackets_left,dataset/Brackets_left/38 Courier New.jpg
Brackets_left,dataset/Brackets_left/38 Tahoma.jpg
Brackets_left,dataset/Brackets_left/38 Times New Roman.jpg
Brackets_left,dataset/Brackets_left/39 Tahoma.jpg
Brackets_left,dataset/Brackets_left/39 Times New Roman.jpg
Brackets_left,dataset/Brackets_left/40 Tahoma.jpg
brackets_right,dataset/brackets_right/10 Tahoma.jpg
brackets_right,dataset/brackets_right/11 Calibri Light.jpg
brackets_right,dataset/brackets_right/11 Tahoma.jpg
brackets_right,dataset/brackets_right/12 Calibri Light.jpg
brackets_right,dataset/brackets_right/12 Segoe UI Semilight.jpg
brackets_right,dataset/brackets_right/12 Times New Roman.jpg
brackets_right,dataset/brackets_right/13 Calibri Light.jpg
brackets_right,dataset/brackets_right/13 Segoe UI Semilight.jpg
brackets_right,dataset/brackets_right/13 Tahoma.jpg
brackets_right,dataset/brackets_right/13 Times New Roman.jpg
brackets_right,dataset/brackets_right/14 Calibri Light.jpg
brackets_right,dataset/brackets_right/14 Segoe UI Semilight.jpg
brackets_right,dataset/brackets_right/14 Tahoma.jpg
brackets_right,dataset/brackets_right/14 Times New Roman.jpg
brackets_right,dataset/brackets_right/15 Aldhabi.jpg
brackets_right,dataset/brackets_right/15 Calibri Light.jpg
brackets_right,dataset/brackets_right/15 Segoe UI Semilight.jpg
brackets_right,dataset/brackets_right/15 Tahoma.jpg
brackets_right,dataset/brackets_right/15 Times New Roman.jpg
brackets_right,dataset/brackets_right/16 Aldhabi.jpg
brackets_right,dataset/brackets_right/16 Calibri Light.jpg
brackets_right,dataset/brackets_right/16 Segoe UI Semilight.jpg
brackets_right,dataset/brackets_right/16 Tahoma.jpg
brackets_right,dataset/brackets_right/16 Times New Roman.jpg
brackets_right,dataset/brackets_right/17 Aldhabi.jpg
brackets_right,dataset/brackets_right/17 Calibri Light.jpg
brackets_right,dataset/brackets_right/17 Segoe UI Semilight.jpg
brackets_right,dataset/brackets_right/17 Tahoma.jpg
brackets_right,dataset/brackets_right/17 Times New Roman.jpg
brackets_right,dataset/brackets_right/18 Aldhabi.jpg
brackets_right,dataset/brackets_right/18 Calibri Light.jpg
brackets_right,dataset/brackets_right/18 Segoe UI Semilight.jpg
brackets_right,dataset/brackets_right/18 Tahoma.jpg
brackets_right,dataset/brackets_right/18 Times New Roman.jpg
brackets_right,dataset/brackets_right/19 Aldhabi.jpg
brackets_right,dataset/brackets_right/19 Calibri Light.jpg
brackets_right,dataset/brackets_right/19 Segoe UI Semilight.jpg
brackets_right,dataset/brackets_right/19 Tahoma.jpg
brackets_right,dataset/brackets_right/19 Times New Roman.jpg
brackets_right,dataset/brackets_right/20 Aldhabi.jpg
brackets_right,dataset/brackets_right/20 Calibri Light.jpg
brackets_right,dataset/brackets_right/20 Segoe UI Semilight.jpg
brackets_right,dataset/brackets_right/20 Tahoma.jpg
brackets_right,dataset/brackets_right/20 Times New Roman.jpg
brackets_right,dataset/brackets_right/21 Aldhabi.jpg
brackets_right,dataset/brackets_right/21 Calibri Light.jpg
brackets_right,dataset/brackets_right/21 Segoe UI Semilight.jpg
brackets_right,dataset/brackets_right/21 Tahoma.jpg
brackets_right,dataset/brackets_right/21 Times New Roman.jpg
brackets_right,dataset/brackets_right/22 Aldhabi.jpg
brackets_right,dataset/brackets_right/22 Calibri Light.jpg
brackets_right,dataset/brackets_right/22 Segoe UI Semilight.jpg
brackets_right,dataset/brackets_right/22 Tahoma.jpg
brackets_right,dataset/brackets_right/22 Times New Roman.jpg
brackets_right,dataset/brackets_right/23 Aldhabi.jpg
brackets_right,dataset/brackets_right/23 Calibri Light.jpg
brackets_right,dataset/brackets_right/23 Segoe UI Semilight.jpg
brackets_right,dataset/brackets_right/23 Tahoma.jpg
brackets_right,dataset/brackets_right/23 Times New Roman.jpg
brackets_right,dataset/brackets_right/24 Aldhabi.jpg
brackets_right,dataset/brackets_right/24 Calibri Light.jpg
brackets_right,dataset/brackets_right/24 Segoe UI Semilight.jpg
brackets_right,dataset/brackets_right/24 Tahoma.jpg
brackets_right,dataset/brackets_right/24 Times New Roman.jpg
brackets_right,dataset/brackets_right/25  Calibri Light.jpg
brackets_right,dataset/brackets_right/25 Aldhabi.jpg
brackets_right,dataset/brackets_right/25 Segoe UI Semilight.jpg
brackets_right,dataset/brackets_right/25 Tahoma.jpg
brackets_right,dataset/brackets_right/25 Times New Roman.jpg
brackets_right,dataset/brackets_right/26 Aldhabi.jpg
brackets_right,dataset/brackets_right/26 Calibri Light.jpg
brackets_right,dataset/brackets_right/26 Segoe UI Semilight.jpg
brackets_right,dataset/brackets_right/26 Tahoma.jpg
brackets_right,dataset/brackets_right/26 Times New Roman.jpg
brackets_right,dataset/brackets_right/27 Aldhabi.jpg
brackets_right,dataset/brackets_right/27 Calibri Light.jpg
brackets_right,dataset/brackets_right/27 Segoe UI Semilight.jpg
brackets_right,dataset/brackets_right/27 Tahoma.jpg
brackets_right,dataset/brackets_right/27 Times New Roman.jpg
brackets_right,dataset/brackets_right/28 Aldhabi.jpg
brackets_right,dataset/brackets_right/28 Calibri Light.jpg
brackets_right,dataset/brackets_right/28 Segoe UI Semilight.jpg
brackets_right,dataset/brackets_right/28 Tahoma.jpg
brackets_right,dataset/brackets_right/28 Times New Roman.jpg
brackets_right,dataset/brackets_right/29 Aldhabi.jpg
brackets_right,dataset/brackets_right/29 Calibri Light.jpg
brackets_right,dataset/brackets_right/29 Segoe UI Semilight.jpg
brackets_right,dataset/brackets_right/29 Tahoma.jpg
brackets_right,dataset/brackets_right/29 Times New Roman.jpg
brackets_right,dataset/brackets_right/30 Aldhabi.jpg
brackets_right,dataset/brackets_right/30 Calibri Light.jpg
brackets_right,dataset/brackets_right/30 Segoe UI Semilight.jpg
brackets_right,dataset/brackets_right/30 Tahoma.jpg
brackets_right,dataset/brackets_right/30 Times New Roman.jpg
brackets_right,dataset/brackets_right/31 Aldhabi.jpg
brackets_right,dataset/brackets_right/31 Calibri Light.jpg
brackets_right,dataset/brackets_right/31 Segoe UI Semilight.jpg
brackets_right,dataset/brackets_right/31 Tahoma.jpg
brackets_right,dataset/brackets_right/31 Times New Roman.jpg
brackets_right,dataset/brackets_right/32 Aldhabi.jpg
brackets_right,dataset/brackets_right/32 Calibri Light.jpg
brackets_right,dataset/brackets_right/32 Segoe UI Semilight.jpg
brackets_right,dataset/brackets_right/32 Tahoma.jpg
brackets_right,dataset/brackets_right/32 Times New Roman.jpg
brackets_right,dataset/brackets_right/33 Aldhabi.jpg
brackets_right,dataset/brackets_right/33 Calibri Light.jpg
brackets_right,dataset/brackets_right/33 Segoe UI Semilight.jpg
brackets_right,dataset/brackets_right/33 Tahoma.jpg
brackets_right,dataset/brackets_right/33 Times New Roman.jpg
brackets_right,dataset/brackets_right/34 Aldhabi.jpg
brackets_right,dataset/brackets_right/34 Calibri Light.jpg
brackets_right,dataset/brackets_right/34 Segoe UI Semilight.jpg
brackets_right,dataset/brackets_right/34 Tahoma.jpg
brackets_right,dataset/brackets_right/34 Times New Roman.jpg
brackets_right,dataset/brackets_right/35 Aldhabi.jpg
brackets_right,dataset/brackets_right/35 Calibri Light.jpg
brackets_right,dataset/brackets_right/35 Segoe UI Semilight.jpg
brackets_right,dataset/brackets_right/35 Tahoma.jpg
brackets_right,dataset/brackets_right/35 Times New Roman.jpg
brackets_right,dataset/brackets_right/36 Aldhabi.jpg
brackets_right,dataset/brackets_right/36 Calibri Light.jpg
brackets_right,dataset/brackets_right/36 Segoe UI Semilight.jpg
brackets_right,dataset/brackets_right/36 Tahoma.jpg
brackets_right,dataset/brackets_right/36 Times New Roman.jpg
brackets_right,dataset/brackets_right/37 Aldhabi.jpg
brackets_right,dataset/brackets_right/37 Calibri Light.jpg
brackets_right,dataset/brackets_right/37 Segoe UI Semilight.jpg
brackets_right,dataset/brackets_right/37 Tahoma.jpg
brackets_right,dataset/brackets_right/37 Times New Roman.jpg
brackets_right,dataset/brackets_right/38 Aldhabi.jpg
brackets_right,dataset/brackets_right/38 Calibri Light.jpg
brackets_right,dataset/brackets_right/38 Segoe UI Semilight.jpg
brackets_right,dataset/brackets_right/38 Tahoma.jpg
brackets_right,dataset/brackets_right/38 Times New Roman.jpg
brackets_right,dataset/brackets_right/39 Aldhabi.jpg
brackets_right,dataset/brackets_right/39 Calibri Light.jpg
brackets_right,dataset/brackets_right/39 Segoe UI Semilight.jpg
brackets_right,dataset/brackets_right/39 Tahoma.jpg
brackets_right,dataset/brackets_right/39 Times New Roman.jpg
brackets_right,dataset/brackets_right/40 Aldhabi.jpg
brackets_right,dataset/brackets_right/40 Calibri Light.jpg
brackets_right,dataset/brackets_right/40 Segoe UI Semilight.jpg
brackets_right,dataset/brackets_right/40 Tahoma.jpg
brackets_right,dataset/brackets_right/40 Times New Roman.jpg
brackets_right,dataset/brackets_right/9 Tahoma.jpg
colon,dataset/colon/12 Arial.jpg
colon,dataset/colon/12 Calibri.jpg
colon,dataset/colon/12 Times New Roman.jpg
colon,dataset/colon/13 Arial.jpg
colon,dataset/colon/13 Calibri.jpg
colon,dataset/colon/13 Times New Roman.jpg
colon,dataset/colon/14 Aldhabi.jpg
colon,dataset/colon/14 Andalus.jpg
colon,dataset/colon/14 Arial.jpg
colon,dataset/colon/14 Calibri.jpg
colon,dataset/colon/14 Times New Roman.jpg
colon,dataset/colon/15 Andalus.jpg
colon,dataset/colon/15 Arial.jpg
colon,dataset/colon/15 Calibri.jpg
colon,dataset/colon/15 Times New Roman.jpg
colon,dataset/colon/16 Aldhabi.jpg
colon,dataset/colon/16 Andalus.jpg
colon,dataset/colon/16 Arial.jpg
colon,dataset/colon/16 Calibri.jpg
colon,dataset/colon/16 Times New Roman.jpg
colon,dataset/colon/17 Aldhabi.jpg
colon,dataset/colon/17 Andalus.jpg
colon,dataset/colon/17 Arial.jpg
colon,dataset/colon/17 Calibri.jpg
colon,dataset/colon/17 Times New Roman.jpg
colon,dataset/colon/18 Aldhabi.jpg
colon,dataset/colon/18 Andalus.jpg
colon,dataset/colon/18 Arial.jpg
colon,dataset/colon/18 Calibri.jpg
colon,dataset/colon/18 Times New Roman.jpg
colon,dataset/colon/19 Aldhabi.jpg
colon,dataset/colon/19 Andalus.jpg
colon,dataset/colon/19 Arial.jpg
colon,dataset/colon/19 Calibri.jpg
colon,dataset/colon/19 Times New Roman.jpg
colon,dataset/colon/20 Aldhabi.jpg
colon,dataset/colon/20 Andalus.jpg
colon,dataset/colon/20 Arial.jpg
colon,dataset/colon/20 Calibri.jpg
colon,dataset/colon/20 Times New Roman.jpg
colon,dataset/colon/21 Aldhabi.jpg
colon,dataset/colon/21 Andalus.jpg
colon,dataset/colon/21 Arial.jpg
colon,dataset/colon/21 Calibri.jpg
colon,dataset/colon/21 Times New Roman.jpg
colon,dataset/colon/22 Aldhabi.jpg
colon,dataset/colon/22 Andalus.jpg
colon,dataset/colon/22 Arial.jpg
colon,dataset/colon/22 Calibri.jpg
colon,dataset/colon/22 Times New Roman.jpg
colon,dataset/colon/23 Aldhabi.jpg
colon,dataset/colon/23 Andalus.jpg
colon,dataset/colon/23 Arial.jpg
colon,dataset/colon/23 Calibri.jpg
colon,dataset/colon/23 Times New Roman.jpg
colon,dataset/colon/24 Aldhabi.jpg
colon,dataset/colon/24 Andalus.jpg
colon,dataset/colon/24 Arial.jpg
colon,dataset/colon/24 Calibri.jpg
colon,dataset/colon/24 Times New Roman.jpg
colon,dataset/colon/25 Aldhabi.jpg
colon,dataset/colon/25 Andalus.jpg
colon,dataset/colon/25 Arial.jpg
colon,dataset/colon/25 Calibri.jpg
colon,dataset/colon/25 Times New Roman.jpg
colon,dataset/colon/26 Aldhabi.jpg
colon,dataset/colon/26 Andalus.jpg
colon,dataset/colon/26 Arial.jpg
colon,dataset/colon/26 Calibri.jpg
colon,dataset/colon/26 Times New Roman.jpg
colon,dataset/colon/27 Aldhabi.jpg
colon,dataset/colon/27 Andalus.jpg
colon,dataset/colon/27 Arial.jpg
colon,dataset/colon/27 Calibri.jpg
colon,dataset/colon/27 Times New Roman.jpg
colon,dataset/colon/28 Aldhabi.jpg
colon,dataset/colon/28 Andalus.jpg
colon,dataset/colon/28 Arial.jpg
colon,dataset/colon/28 Calibri.jpg
colon,dataset/colon/28 Times New Roman.jpg
colon,dataset/colon/29 Aldhabi.jpg
colon,dataset/colon/29 Andalus.jpg
colon,dataset/colon/29 Arial.jpg
colon,dataset/colon/29 Calibri.jpg
colon,dataset/colon/29 Times New Roman.jpg
colon,dataset/colon/30 Aldhabi.jpg
colon,dataset/colon/30 Andalus.jpg
colon,dataset/colon/30 Arial.jpg
colon,dataset/colon/30 Calibri.jpg
colon,dataset/colon/30 Times New Roman.jpg
colon,dataset/colon/31 Aldhabi.jpg
colon,dataset/colon/31 Andalus.jpg
colon,dataset/colon/31 Arial.jpg
colon,dataset/colon/31 Calibri.jpg
colon,dataset/colon/31 Times New Roman.jpg
colon,dataset/colon/32 Aldhabi.jpg
colon,dataset/colon/32 Andalus.jpg
colon,dataset/colon/32 Arial.jpg
colon,dataset/colon/32 Calibri.jpg
colon,dataset/colon/32 Times New Roman.jpg
colon,dataset/colon/33 Aldhabi.jpg
colon,dataset/colon/33 Andalus.jpg
colon,dataset/colon/33 Arial.jpg
colon,dataset/colon/33 Calibri.jpg
colon,dataset/colon/33 Times New Roman.jpg
colon,dataset/colon/34 Aldhabi.jpg
colon,dataset/colon/34 Andalus.jpg
colon,dataset/colon/34 Arial.jpg
colon,dataset/colon/34 Calibri.jpg
colon,dataset/colon/34 Times New Roman.jpg
colon,dataset/colon/35 Aldhabi.jpg
colon,dataset/colon/35 Andalus.jpg
colon,dataset/colon/35 Arial.jpg
colon,dataset/colon/35 Calibri.jpg
colon,dataset/colon/35 Times New Roman.jpg
colon,dataset/colon/36 Aldhabi.jpg
colon,dataset/colon/36 Andalus.jpg
colon,dataset/colon/36 Arial.jpg
colon,dataset/colon/36 Calibri.jpg
colon,dataset/colon/36 Times New Roman.jpg
colon,dataset/colon/37 Aldhabi.jpg
colon,dataset/colon/37 Andalus.jpg
colon,dataset/colon/37 Arial.jpg
colon,dataset/colon/37 Calibri.jpg
colon,dataset/colon/37 Times New Roman.jpg
colon,dataset/colon/38 Aldhabi.jpg
colon,dataset/colon/38 Andalus.jpg
colon,dataset/colon/38 Arial.jpg
colon,dataset/colon/38 Calibri.jpg
colon,dataset/colon/38 Times New Roman.jpg
colon,dataset/colon/39 Aldhabi.jpg
colon,dataset/colon/39 Andalus.jpg
colon,dataset/colon/39 Arial.jpg
colon,dataset/colon/39 Calibri.jpg
colon,dataset/colon/39 Times New Roman.jpg
colon,dataset/colon/40 Aldhabi.jpg
colon,dataset/colon/40 Andalus.jpg
colon,dataset/colon/40 Arial.jpg
colon,dataset/colon/40 Calibri.jpg
colon,dataset/colon/40 Times New Roman.jpg
comma,dataset/comma/12 Arial.jpg
comma,dataset/comma/12 Tahoma.jpg
comma,dataset/comma/13  Times New Roman.jpg
comma,dataset/comma/13 Arial.jpg
comma,dataset/comma/13 Tahoma.jpg
comma,dataset/comma/14  Times New Roman.jpg
comma,dataset/comma/14 Arial.jpg
comma,dataset/comma/14 Tahoma.jpg
comma,dataset/comma/15  Times New Roman.jpg
comma,dataset/comma/15 Arial.jpg
comma,dataset/comma/15 Segoe UI Semilight.jpg
comma,dataset/comma/16  Times New Roman.jpg
comma,dataset/comma/16 Arial.jpg
comma,dataset/comma/16 Segoe UI Semilight.jpg
comma,dataset/comma/16 Tahoma.jpg
comma,dataset/comma/17  Times New Roman.jpg
comma,dataset/comma/17 Arial.jpg
comma,dataset/comma/17 Segoe UI Semilight.jpg
comma,dataset/comma/17 Tahoma.jpg
comma,dataset/comma/18  Times New Roman.jpg
comma,dataset/comma/18 Arial.jpg
comma,dataset/comma/18 Segoe UI Semilight.jpg
comma,dataset/comma/18 Tahoma.jpg
comma,dataset/comma/19  Times New Roman.jpg
comma,dataset/comma/19 Andalus.jpg
comma,dataset/comma/19 Arial.jpg
comma,dataset/comma/19 Microsoft Uighur.jpg
comma,dataset/comma/19 Segoe UI Semilight.jpg
comma,dataset/comma/19 Tahoma.jpg
comma,dataset/comma/20  Times New Roman.jpg
comma,dataset/comma/20 Andalus.jpg
comma,dataset/comma/20 Arial.jpg
comma,dataset/comma/20 Microsoft Uighur.jpg
comma,dataset/comma/20 Segoe UI Semilight.jpg
comma,dataset/comma/20 Tahoma.jpg
comma,dataset/comma/21  Times New Roman.jpg
comma,dataset/comma/21 Andalus.jpg
comma,dataset/comma/21 Arial.jpg
comma,dataset/comma/21 Microsoft Uighur.jpg
comma,dataset/comma/21 Segoe UI Semilight.jpg
comma,dataset/comma/21 Tahoma.jpg
comma,dataset/comma/22  Times New Roman.jpg
comma,dataset/comma/22 Andalus.jpg
comma,dataset/comma/22 Arial.jpg
comma,dataset/comma/22 Microsoft Uighur.jpg
comma,dataset/comma/22 Segoe UI Semilight.jpg
comma,dataset/comma/22 Tahoma.jpg
comma,dataset/comma/23  Times New Roman.jpg
comma,dataset/comma/23 Andalus.jpg
comma,dataset/comma/23 Arial.jpg
comma,dataset/comma/23 Microsoft Uighur.jpg
comma,dataset/comma/23 Segoe UI Semilight.jpg
comma,dataset/comma/23 Tahoma.jpg
comma,dataset/comma/24  Times New Roman.jpg
comma,dataset/comma/24 Andalus.jpg
comma,dataset/comma/24 Arial.jpg
comma,dataset/comma/24 Microsoft Uighur.jpg
comma,dataset/comma/24 Segoe UI Semilight.jpg
comma,dataset/comma/24 Tahoma.jpg
comma,dataset/comma/25  Times New Roman.jpg
comma,dataset/comma/25 Andalus.jpg
comma,dataset/comma/25 Arial.jpg
comma,dataset/comma/25 Microsoft Uighur.jpg
comma,dataset/comma/25 Segoe UI Semilight.jpg
comma,dataset/comma/25 Tahoma.jpg
comma,dataset/comma/26  Times New Roman.jpg
comma,dataset/comma/26 Andalus.jpg
comma,dataset/comma/26 Arial.jpg
comma,dataset/comma/26 Microsoft Uighur.jpg
comma,dataset/comma/26 Segoe UI Semilight.jpg
comma,dataset/comma/26 Tahoma.jpg
comma,dataset/comma/27 Andalus.jpg
comma,dataset/comma/27 Arial.jpg
comma,dataset/comma/27 Microsoft Uighur.jpg
comma,dataset/comma/27 Segoe UI Semilight.jpg
comma,dataset/comma/27 Tahoma.jpg
comma,dataset/comma/28  Times New Roman.jpg
comma,dataset/comma/28 Andalus.jpg
comma,dataset/comma/28 Arial.jpg
comma,dataset/comma/28 Segoe UI Semilight.jpg
comma,dataset/comma/28 Tahoma.jpg
comma,dataset/comma/29  Times New Roman.jpg
comma,dataset/comma/29 Andalus.jpg
comma,dataset/comma/29 Arial.jpg
comma,dataset/comma/29 Microsoft Uighur.jpg
comma,dataset/comma/29 Segoe UI Semilight.jpg
comma,dataset/comma/29 Tahoma.jpg
comma,dataset/comma/30  Times New Roman.jpg
comma,dataset/comma/30 Andalus.jpg
comma,dataset/comma/30 Arial.jpg
comma,dataset/comma/30 Microsoft Uighur.jpg
comma,dataset/comma/30 Segoe UI Semilight.jpg
comma,dataset/comma/30 Tahoma.jpg
comma,dataset/comma/31  Times New Roman.jpg
comma,dataset/comma/31 Andalus.jpg
comma,dataset/comma/31 Arial.jpg
comma,dataset/comma/31 Microsoft Uighur.jpg
comma,dataset/comma/31 Segoe UI Semilight.jpg
comma,dataset/comma/31 Tahoma.jpg
comma,dataset/comma/32  Times New Roman.jpg
comma,dataset/comma/32 Andalus.jpg
comma,dataset/comma/32 Arial.jpg
comma,dataset/comma/32 Microsoft Uighur.jpg
comma,dataset/comma/32 Segoe UI Semilight.jpg
comma,dataset/comma/32 Tahoma.jpg
comma,dataset/comma/33 Andalus.jpg
comma,dataset/comma/33 Arial.jpg
comma,dataset/comma/33 Microsoft Uighur.jpg
comma,dataset/comma/33 Segoe UI Semilight.jpg
comma,dataset/comma/33 Tahoma.jpg
comma,dataset/comma/34  Times New Roman.jpg
comma,dataset/comma/34 Andalus.jpg
comma,dataset/comma/34 Arial.jpg
comma,dataset/comma/34 Microsoft Uighur.jpg
comma,dataset/comma/34 Segoe UI Semilight.jpg
comma,dataset/comma/34 Tahoma.jpg
comma,dataset/comma/35  Times New Roman.jpg
comma,dataset/comma/35 Andalus.jpg
comma,dataset/comma/35 Arial.jpg
comma,dataset/comma/35 Microsoft Uighur.jpg
comma,dataset/comma/35 Segoe UI Semilight.jpg
comma,dataset/comma/35 Tahoma.jpg
comma,dataset/comma/36  Times New Roman.jpg
comma,dataset/comma/36 Andalus.jpg
comma,dataset/comma/36 Arial.jpg
comma,dataset/comma/36 Microsoft Uighur.jpg
comma,dataset/comma/36 Segoe UI Semilight.jpg
comma,dataset/comma/36 Tahoma.jpg
comma,dataset/comma/37  Times New Roman.jpg
comma,dataset/comma/37 Andalus.jpg
comma,dataset/comma/37 Arial.jpg
comma,dataset/comma/37 Microsoft Uighur.jpg
comma,dataset/comma/37 Segoe UI Semilight.jpg
comma,dataset/comma/37 Tahoma.jpg
comma,dataset/comma/38  Times New Roman.jpg
comma,dataset/comma/38 Andalus.jpg
comma,dataset/comma/38 Arial.jpg
comma,dataset/comma/38 Microsoft Uighur.jpg
comma,dataset/comma/38 Segoe UI Semilight.jpg
comma,dataset/comma/38 Tahoma.jpg
comma,dataset/comma/39  Times New Roman.jpg
comma,dataset/comma/39 Andalus.jpg
comma,dataset/comma/39 Arial.jpg
comma,dataset/comma/39 Microsoft Uighur.jpg
comma,dataset/comma/39 Segoe UI Semilight.jpg
comma,dataset/comma/39 Tahoma.jpg
comma,dataset/comma/40 Andalus.jpg
comma,dataset/comma/40 Arial.jpg
comma,dataset/comma/40 Microsoft Uighur.jpg
comma,dataset/comma/40 Segoe UI Semilight.jpg
comma,dataset/comma/40 Tahoma.jpg
comma,dataset/comma/40 Times New Roman.jpg
exclamation_mark,dataset/exclamation_mark/12  Times New Roman.jpg
exclamation_mark,dataset/exclamation_mark/12 Arial.jpg
exclamation_mark,dataset/exclamation_mark/12 Calibri.jpg
exclamation_mark,dataset/exclamation_mark/12 Segoe UI Semilight.jpg
exclamation_mark,dataset/exclamation_mark/13 Arial.jpg
exclamation_mark,dataset/exclamation_mark/13 Calibri.jpg
exclamation_mark,dataset/exclamation_mark/13 Segoe UI Semilight.jpg
exclamation_mark,dataset/exclamation_mark/13 Times New Roman.jpg
exclamation_mark,dataset/exclamation_mark/14 Aldhabi.jpg
exclamation_mark,dataset/exclamation_mark/14 Arial.jpg
exclamation_mark,dataset/exclamation_mark/14 Calibri.jpg
exclamation_mark,dataset/exclamation_mark/14 Segoe UI Semilight.jpg
exclamation_mark,dataset/exclamation_mark/14 Times New Roman.jpg
exclamation_mark,dataset/exclamation_mark/15 Aldhabi.jpg
exclamation_mark,dataset/exclamation_mark/15 Arial.jpg
exclamation_mark,dataset/exclamation_mark/15 Calibri.jpg
exclamation_mark,dataset/exclamation_mark/15 Segoe UI Semilight.jpg
exclamation_mark,dataset/exclamation_mark/15 Times New Roman.jpg
exclamation_mark,dataset/exclamation_mark/16 Aldhabi.jpg
exclamation_mark,dataset/exclamation_mark/16 Arial.jpg
exclamation_mark,dataset/exclamation_mark/16 Calibri.jpg
exclamation_mark,dataset/exclamation_mark/16 Segoe UI Semilight.jpg
exclamation_mark,dataset/exclamation_mark/16 Times New Roman.jpg
exclamation_mark,dataset/exclamation_mark/17 Aldhabi.jpg
exclamation_mark,dataset/exclamation_mark/17 Arial.jpg
exclamation_mark,dataset/exclamation_mark/17 Calibri.jpg
exclamation_mark,dataset/exclamation_mark/17 Segoe UI Semilight.jpg
exclamation_mark,dataset/exclamation_mark/17 Times New Roman.jpg
exclamation_mark,dataset/exclamation_mark/18 Aldhabi.jpg
exclamation_mark,dataset/exclamation_mark/18 Arial.jpg
exclamation_mark,dataset/exclamation_mark/18 Calibri.jpg
exclamation_mark,dataset/exclamation_mark/18 Segoe UI Semilight.jpg
exclamation_mark,dataset/exclamation_mark/18 Times New Roman.jpg
exclamation_mark,dataset/exclamation_mark/19 Aldhabi.jpg
exclamation_mark,dataset/exclamation_mark/19 Arial.jpg
exclamation_mark,dataset/exclamation_mark/19 Calibri.jpg
exclamation_mark,dataset/exclamation_mark/19 Segoe UI Semilight.jpg
exclamation_mark,dataset/exclamation_mark/19 Times New Roman.jpg
exclamation_mark,dataset/exclamation_mark/20 Aldhabi.jpg
exclamation_mark,dataset/exclamation_mark/20 Arial.jpg
exclamation_mark,dataset/exclamation_mark/20 Calibri.jpg
exclamation_mark,dataset/exclamation_mark/20 Segoe UI Semilight.jpg
exclamation_mark,dataset/exclamation_mark/20 Times New Roman.jpg
exclamation_mark,dataset/exclamation_mark/21 Aldhabi.jpg
exclamation_mark,dataset/exclamation_mark/21 Arial.jpg
exclamation_mark,dataset/exclamation_mark/21 Calibri.jpg
exclamation_mark,dataset/exclamation_mark/21 Segoe UI Semilight.jpg
exclamation_mark,dataset/exclamation_mark/21 Times New Roman.jpg
exclamation_mark,dataset/exclamation_mark/22 Aldhabi.jpg
exclamation_mark,dataset/exclamation_mark/22 Arial.jpg
exclamation_mark,dataset/exclamation_mark/22 Calibri.jpg
exclamation_mark,dataset/exclamation_mark/22 Segoe UI Semilight.jpg
exclamation_mark,dataset/exclamation_mark/22 Times New Roman.jpg
exclamation_mark,dataset/exclamation_mark/23 Aldhabi.jpg
exclamation_mark,dataset/exclamation_mark/23 Arial.jpg
exclamation_mark,dataset/exclamation_mark/23 Calibri.jpg
exclamation_mark,dataset/exclamation_mark/23 Segoe UI Semilight.jpg
exclamation_mark,dataset/exclamation_mark/23 Times New Roman.jpg
exclamation_mark,dataset/exclamation_mark/24 Aldhabi.jpg
exclamation_mark,dataset/exclamation_mark/24 Arial.jpg
exclamation_mark,dataset/exclamation_mark/24 Calibri.jpg
exclamation_mark,dataset/exclamation_mark/24 Segoe UI Semilight.jpg
exclamation_mark,dataset/exclamation_mark/24 Times New Roman.jpg
exclamation_mark,dataset/exclamation_mark/25 Aldhabi.jpg
exclamation_mark,dataset/exclamation_mark/25 Arial.jpg
exclamation_mark,dataset/exclamation_mark/25 Calibri.jpg
exclamation_mark,dataset/exclamation_mark/25 Segoe UI Semilight.jpg
exclamation_mark,dataset/exclamation_mark/25 Times New Roman.jpg
exclamation_mark,dataset/exclamation_mark/26 Aldhabi.jpg
exclamation_mark,dataset/exclamation_mark/26 Arial.jpg
exclamation_mark,dataset/exclamation_mark/26 Calibri.jpg
exclamation_mark,dataset/exclamation_mark/26 Segoe UI Semilight.jpg
exclamation_mark,dataset/exclamation_mark/26 Times New Roman.jpg
exclamation_mark,dataset/exclamation_mark/27 Aldhabi.jpg
exclamation_mark,dataset/exclamation_mark/27 Arial.jpg
exclamation_mark,dataset/exclamation_mark/27 Calibri.jpg
exclamation_mark,dataset/exclamation_mark/27 Segoe UI Semilight.jpg
exclamation_mark,dataset/exclamation_mark/27 Times New Roman.jpg
exclamation_mark,dataset/exclamation_mark/28 Aldhabi.jpg
exclamation_mark,dataset/exclamation_mark/28 Arial.jpg
exclamation_mark,dataset/exclamation_mark/28 Calibri.jpg
exclamation_mark,dataset/exclamation_mark/28 Segoe UI Semilight.jpg
exclamation_mark,dataset/exclamation_mark/28 Times New Roman.jpg
exclamation_mark,dataset/exclamation_mark/29 Aldhabi.jpg
exclamation_mark,dataset/exclamation_mark/29 Arial.jpg
exclamation_mark,dataset/exclamation_mark/29 Calibri.jpg
exclamation_mark,dataset/exclamation_mark/29 Segoe UI Semilight.jpg
exclamation_mark,dataset/exclamation_mark/29 Times New Roman.jpg
exclamation_mark,dataset/exclamation_mark/30 Aldhabi.jpg
exclamation_mark,dataset/exclamation_mark/30 Arial.jpg
exclamation_mark,dataset/exclamation_mark/30 Calibri.jpg
exclamation_mark,dataset/exclamation_mark/30 Segoe UI Semilight.jpg
exclamation_mark,dataset/exclamation_mark/30 Times New Roman.jpg
exclamation_mark,dataset/exclamation_mark/31 Aldhabi.jpg
exclamation_mark,dataset/exclamation_mark/31 Arial.jpg
exclamation_mark,dataset/exclamation_mark/31 Calibri.jpg
exclamation_mark,dataset/exclamation_mark/31 Segoe UI Semilight.jpg
exclamation_mark,dataset/exclamation_mark/31 Times New Roman.jpg
exclamation_mark,dataset/exclamation_mark/32 Aldhabi.jpg
exclamation_mark,dataset/exclamation_mark/32 Arial.jpg
exclamation_mark,dataset/exclamation_mark/32 Calibri.jpg
exclamation_mark,dataset/exclamation_mark/32 Segoe UI Semilight.jpg
exclamation_mark,dataset/exclamation_mark/32 Times New Roman.jpg
exclamation_mark,dataset/exclamation_mark/33 Aldhabi.jpg
exclamation_mark,dataset/exclamation_mark/33 Arial.jpg
exclamation_mark,dataset/exclamation_mark/33 Calibri.jpg
exclamation_mark,dataset/exclamation_mark/33 Segoe UI Semilight.jpg
exclamation_mark,dataset/exclamation_mark/33 Times New Roman.jpg
exclamation_mark,dataset/exclamation_mark/34 Aldhabi.jpg
exclamation_mark,dataset/exclamation_mark/34 Arial.jpg
exclamation_mark,dataset/exclamation_mark/34 Calibri.jpg
exclamation_mark,dataset/exclamation_mark/34 Segoe UI Semilight.jpg
exclamation_mark,dataset/exclamation_mark/34 Times New Roman.jpg
exclamation_mark,dataset/exclamation_mark/35 Aldhabi.jpg
exclamation_mark,dataset/exclamation_mark/35 Arial.jpg
exclamation_mark,dataset/exclamation_mark/35 Calibri.jpg
exclamation_mark,dataset/exclamation_mark/35 Segoe UI Semilight.jpg
exclamation_mark,dataset/exclamation_mark/35 Times New Roman.jpg
exclamation_mark,dataset/exclamation_mark/36 Aldhabi.jpg
exclamation_mark,dataset/exclamation_mark/36 Arial.jpg
exclamation_mark,dataset/exclamation_mark/36 Calibri.jpg
exclamation_mark,dataset/exclamation_mark/36 Segoe UI Semilight.jpg
exclamation_mark,dataset/exclamation_mark/36 Times New Roman.jpg
exclamation_mark,dataset/exclamation_mark/37 Aldhabi.jpg
exclamation_mark,dataset/exclamation_mark/37 Arial.jpg
exclamation_mark,dataset/exclamation_mark/37 Calibri.jpg
exclamation_mark,dataset/exclamation_mark/37 Segoe UI Semilight.jpg
exclamation_mark,dataset/exclamation_mark/37 Times New Roman.jpg
exclamation_mark,dataset/exclamation_mark/38 Aldhabi.jpg
exclamation_mark,dataset/exclamation_mark/38 Arial.jpg
exclamation_mark,dataset/exclamation_mark/38 Calibri.jpg
exclamation_mark,dataset/exclamation_mark/38 Segoe UI Semilight.jpg
exclamation_mark,dataset/exclamation_mark/38 Times New Roman.jpg
exclamation_mark,dataset/exclamation_mark/39 Aldhabi.jpg
exclamation_mark,dataset/exclamation_mark/39 Arial.jpg
exclamation_mark,dataset/exclamation_mark/39 Calibri.jpg
exclamation_mark,dataset/exclamation_mark/39 Segoe UI Semilight.jpg
exclamation_mark,dataset/exclamation_mark/39 Times New Roman.jpg
exclamation_mark,dataset/exclamation_mark/40 Aldhabi.jpg
exclamation_mark,dataset/exclamation_mark/40 Arial.jpg
exclamation_mark,dataset/exclamation_mark/40 Calibri.jpg
exclamation_mark,dataset/exclamation_mark/40 Segoe UI Semilight.jpg
exclamation_mark,dataset/exclamation_mark/40 Times New Roman.jpg
full_stop,dataset/full_stop/12 Arial.jpg
full_stop,dataset/full_stop/12 Calibri.jpg
full_stop,dataset/full_stop/12 Courier New.jpg
full_stop,dataset/full_stop/12 Segoe UI Semilight.jpg
full_stop,dataset/full_stop/12 Tahoma.jpg
full_stop,dataset/full_stop/13 Arial.jpg
full_stop,dataset/full_stop/13 Calibri.jpg
full_stop,dataset/full_stop/13 Courier New.jpg
full_stop,dataset/full_stop/13 Segoe UI Semilight.jpg
full_stop,dataset/full_stop/13 Tahoma.jpg
full_stop,dataset/full_stop/14 Arial.jpg
full_stop,dataset/full_stop/14 Calibri.jpg
full_stop,dataset/full_stop/14 Courier New.jpg
full_stop,dataset/full_stop/14 Segoe UI Semilight.jpg
full_stop,dataset/full_stop/14 Tahoma.jpg
full_stop,dataset/full_stop/15 Arial.jpg
full_stop,dataset/full_stop/15 Calibri.jpg
full_stop,dataset/full_stop/15 Courier New.jpg
full_stop,dataset/full_stop/15 Segoe UI Semilight.jpg
full_stop,dataset/full_stop/15 Tahoma.jpg
full_stop,dataset/full_stop/16 Arial.jpg
full_stop,dataset/full_stop/16 Calibri.jpg
full_stop,dataset/full_stop/16 Courier New.jpg
full_stop,dataset/full_stop/16 Segoe UI Semilight.jpg
full_stop,dataset/full_stop/16 Tahoma.jpg
full_stop,dataset/full_stop/17 Arial.jpg
full_stop,dataset/full_stop/17 Calibri.jpg
full_stop,dataset/full_stop/17 Courier New.jpg
full_stop,dataset/full_stop/17 Segoe UI Semilight.jpg
full_stop,dataset/full_stop/17 Tahoma.jpg
full_stop,dataset/full_stop/18 Arial.jpg
full_stop,dataset/full_stop/18 Calibri.jpg
full_stop,dataset/full_stop/18 Courier New.jpg
full_stop,dataset/full_stop/18 Segoe UI Semilight.jpg
full_stop,dataset/full_stop/18 Tahoma.jpg
full_stop,dataset/full_stop/19 Arial.jpg
full_stop,dataset/full_stop/19 Calibri.jpg
full_stop,dataset/full_stop/19 Courier New.jpg
full_stop,dataset/full_stop/19 Segoe UI Semilight.jpg
full_stop,dataset/full_stop/19 Tahoma.jpg
full_stop,dataset/full_stop/20 Arial.jpg
full_stop,dataset/full_stop/20 Calibri.jpg
full_stop,dataset/full_stop/20 Courier New.jpg
full_stop,dataset/full_stop/20 Segoe UI Semilight.jpg
full_stop,dataset/full_stop/20 Tahoma.jpg
full_stop,dataset/full_stop/21 Arial.jpg
full_stop,dataset/full_stop/21 Calibri.jpg
full_stop,dataset/full_stop/21 Courier New.jpg
full_stop,dataset/full_stop/21 Segoe UI Semilight.jpg
full_stop,dataset/full_stop/21 Tahoma.jpg
full_stop,dataset/full_stop/22 Arial.jpg
full_stop,dataset/full_stop/22 Calibri.jpg
full_stop,dataset/full_stop/22 Courier New.jpg
full_stop,dataset/full_stop/22 Segoe UI Semilight.jpg
full_stop,dataset/full_stop/22 Tahoma.jpg
full_stop,dataset/full_stop/23 Arial.jpg
full_stop,dataset/full_stop/23 Calibri.jpg
full_stop,dataset/full_stop/23 Courier New.jpg
full_stop,dataset/full_stop/23 Segoe UI Semilight.jpg
full_stop,dataset/full_stop/23 Tahoma.jpg
full_stop,dataset/full_stop/24 Arial.jpg
full_stop,dataset/full_stop/24 Calibri.jpg
full_stop,dataset/full_stop/24 Courier New.jpg
full_stop,dataset/full_stop/24 Segoe UI Semilight.jpg
full_stop,dataset/full_stop/24 Tahoma.jpg
full_stop,dataset/full_stop/25 Arial.jpg
full_stop,dataset/full_stop/25 Calibri.jpg
full_stop,dataset/full_stop/25 Courier New.jpg
full_stop,dataset/full_stop/25 Segoe UI Semilight.jpg
full_stop,dataset/full_stop/25 Tahoma.jpg
full_stop,dataset/full_stop/26 Arial.jpg
full_stop,dataset/full_stop/26 Calibri.jpg
full_stop,dataset/full_stop/26 Courier New.jpg
full_stop,dataset/full_stop/26 Segoe UI Semilight.jpg
full_stop,dataset/full_stop/26 Tahoma.jpg
full_stop,dataset/full_stop/27 Arial.jpg
full_stop,dataset/full_stop/27 Calibri.jpg
full_stop,dataset/full_stop/27 Courier New.jpg
full_stop,dataset/full_stop/27 Segoe UI Semilight.jpg
full_stop,dataset/full_stop/27 Tahoma.jpg
full_stop,dataset/full_stop/28 Arial.jpg
full_stop,dataset/full_stop/28 Calibri.jpg
full_stop,dataset/full_stop/28 Courier New.jpg
full_stop,dataset/full_stop/28 Segoe UI Semilight.jpg
full_stop,dataset/full_stop/28 Tahoma.jpg
full_stop,dataset/full_stop/29 Arial.jpg
full_stop,dataset/full_stop/29 Calibri.jpg
full_stop,dataset/full_stop/29 Courier New.jpg
full_stop,dataset/full_stop/29 Segoe UI Semilight.jpg
full_stop,dataset/full_stop/29 Tahoma.jpg
full_stop,dataset/full_stop/30 Arial.jpg
full_stop,dataset/full_stop/30 Calibri.jpg
full_stop,dataset/full_stop/30 Courier New.jpg
full_stop,dataset/full_stop/30 Segoe UI Semilight.jpg
full_stop,dataset/full_stop/30 Tahoma.jpg
full_stop,dataset/full_stop/31 Arial.jpg
full_stop,dataset/full_stop/31 Calibri.jpg
full_stop,dataset/full_stop/31 Courier New.jpg
full_stop,dataset/full_stop/31 Segoe UI Semilight.jpg
full_stop,dataset/full_stop/31 Tahoma.jpg
full_stop,dataset/full_stop/32 Arial.jpg
full_stop,dataset/full_stop/32 Calibri.jpg
full_stop,dataset/full_stop/32 Courier New.jpg
full_stop,dataset/full_stop/32 Segoe UI Semilight.jpg
full_stop,dataset/full_stop/32 Tahoma.jpg
full_stop,dataset/full_stop/33 Arial.jpg
full_stop,dataset/full_stop/33 Calibri.jpg
full_stop,dataset/full_stop/33 Courier New.jpg
full_stop,dataset/full_stop/33 Segoe UI Semilight.jpg
full_stop,dataset/full_stop/33 Tahoma.jpg
full_stop,dataset/full_stop/34 Arial.jpg
full_stop,dataset/full_stop/34 Calibri.jpg
full_stop,dataset/full_stop/34 Courier New.jpg
full_stop,dataset/full_stop/34 Segoe UI Semilight.jpg
full_stop,dataset/full_stop/34 Tahoma.jpg
full_stop,dataset/full_stop/35 Arial.jpg
full_stop,dataset/full_stop/35 Calibri.jpg
full_stop,dataset/full_stop/35 Courier New.jpg
full_stop,dataset/full_stop/35 Segoe UI Semilight.jpg
full_stop,dataset/full_stop/35 Tahoma.jpg
full_stop,dataset/full_stop/36 Arial.jpg
full_stop,dataset/full_stop/36 Calibri.jpg
full_stop,dataset/full_stop/36 Courier New.jpg
full_stop,dataset/full_stop/36 Segoe UI Semilight.jpg
full_stop,dataset/full_stop/36 Tahoma.jpg
full_stop,dataset/full_stop/37 Arial.jpg
full_stop,dataset/full_stop/37 Calibri.jpg
full_stop,dataset/full_stop/37 Courier New.jpg
full_stop,dataset/full_stop/37 Segoe UI Semilight.jpg
full_stop,dataset/full_stop/37 Tahoma.jpg
full_stop,dataset/full_stop/38 Arial.jpg
full_stop,dataset/full_stop/38 Calibri.jpg
full_stop,dataset/full_stop/38 Courier New.jpg
full_stop,dataset/full_stop/38 Segoe UI Semilight.jpg
full_stop,dataset/full_stop/38 Tahoma.jpg
full_stop,dataset/full_stop/39 Arial.jpg
full_stop,dataset/full_stop/39 Calibri.jpg
full_stop,dataset/full_stop/39 Courier New.jpg
full_stop,dataset/full_stop/39 Segoe UI Semilight.jpg
full_stop,dataset/full_stop/39 Tahoma.jpg
full_stop,dataset/full_stop/40 Arial.jpg
full_stop,dataset/full_stop/40 Calibri.jpg
full_stop,dataset/full_stop/40 Courier New.jpg
full_stop,dataset/full_stop/40 Segoe UI Semilight.jpg
full_stop,dataset/full_stop/40 Tahoma.jpg
Hyphen,dataset/Hyphen/12 Andalus.jpg
Hyphen,dataset/Hyphen/12 Traditional Arabic.jpg
Hyphen,dataset/Hyphen/13 Andalus.jpg
Hyphen,dataset/Hyphen/13 Arial.jpg
Hyphen,dataset/Hyphen/13 Traditional Arabic.jpg
Hyphen,dataset/Hyphen/14 Andalus.jpg
Hyphen,dataset/Hyphen/14 Arial.jpg
Hyphen,dataset/Hyphen/14 Segoe UI Semilight.jpg
Hyphen,dataset/Hyphen/14 Traditional Arabic.jpg
Hyphen,dataset/Hyphen/15 Andalus.jpg
Hyphen,dataset/Hyphen/15 Arial.jpg
Hyphen,dataset/Hyphen/15 Segoe UI Semilight.jpg
Hyphen,dataset/Hyphen/15Traditional Arabic.jpg
Hyphen,dataset/Hyphen/16 Andalus.jpg
Hyphen,dataset/Hyphen/16 Arial.jpg
Hyphen,dataset/Hyphen/16 Segoe UI Semilight.jpg
Hyphen,dataset/Hyphen/16 Traditional Arabic.jpg
Hyphen,dataset/Hyphen/17 Andalus.jpg
Hyphen,dataset/Hyphen/17 Arial.jpg
Hyphen,dataset/Hyphen/17 Segoe UI Semilight.jpg
Hyphen,dataset/Hyphen/17 Traditional Arabic.jpg
Hyphen,dataset/Hyphen/18 Andalus.jpg
Hyphen,dataset/Hyphen/18 Arial.jpg
Hyphen,dataset/Hyphen/18 Segoe UI Semilight.jpg
Hyphen,dataset/Hyphen/18 Traditional Arabic.jpg
Hyphen,dataset/Hyphen/19 Andalus.jpg
Hyphen,dataset/Hyphen/19 Arial.jpg
Hyphen,dataset/Hyphen/19 Microsoft Uighur.jpg
Hyphen,dataset/Hyphen/19 Segoe UI Semilight.jpg
Hyphen,dataset/Hyphen/19 Traditional Arabic.jpg
Hyphen,dataset/Hyphen/20 Andalus.jpg
Hyphen,dataset/Hyphen/20 Arial.jpg
Hyphen,dataset/Hyphen/20 Microsoft Uighur.jpg
Hyphen,dataset/Hyphen/20 Segoe UI Semilight.jpg
Hyphen,dataset/Hyphen/20 Traditional Arabic.jpg
Hyphen,dataset/Hyphen/21 Andalus.jpg
Hyphen,dataset/Hyphen/21 Arial.jpg
Hyphen,dataset/Hyphen/21 Microsoft Uighur.jpg
Hyphen,dataset/Hyphen/21 Segoe UI Semilight.jpg
Hyphen,dataset/Hyphen/21 Traditional Arabic.jpg
Hyphen,dataset/Hyphen/22 Andalus.jpg
Hyphen,dataset/Hyphen/22 Arial.jpg
Hyphen,dataset/Hyphen/22 Microsoft Uighur.jpg
Hyphen,dataset/Hyphen/22 Segoe UI Semilight.jpg
Hyphen,dataset/Hyphen/22 Traditional Arabic.jpg
Hyphen,dataset/Hyphen/23 Andalus.jpg
Hyphen,dataset/Hyphen/23 Arial.jpg
Hyphen,dataset/Hyphen/23 Microsoft Uighur.jpg
Hyphen,dataset/Hyphen/23 Segoe UI Semilight.jpg
Hyphen,dataset/Hyphen/23 Traditional Arabic.jpg
Hyphen,dataset/Hyphen/24 Andalus.jpg
Hyphen,dataset/Hyphen/24 Arial.jpg
Hyphen,dataset/Hyphen/24 Microsoft Uighur.jpg
Hyphen,dataset/Hyphen/24 Segoe UI Semilight.jpg
Hyphen,dataset/Hyphen/24 Traditional Arabic.jpg
Hyphen,dataset/Hyphen/25 Andalus.jpg
Hyphen,dataset/Hyphen/25 Arial.jpg
Hyphen,dataset/Hyphen/25 Microsoft Uighur.jpg
Hyphen,dataset/Hyphen/25 Segoe UI Semilight.jpg
Hyphen,dataset/Hyphen/25 Traditional Arabic.jpg
Hyphen,dataset/Hyphen/26 Andalus.jpg
Hyphen,dataset/Hyphen/26 Arial.jpg
Hyphen,dataset/Hyphen/26 Microsoft Uighur.jpg
Hyphen,dataset/Hyphen/26 Segoe UI Semilight.jpg
Hyphen,dataset/Hyphen/26 Tahoma.jpg
Hyphen,dataset/Hyphen/26 Traditional Arabic.jpg
Hyphen,dataset/Hyphen/27 Andalus.jpg
Hyphen,dataset/Hyphen/27 Arial.jpg
Hyphen,dataset/Hyphen/27 Microsoft Uighur.jpg
Hyphen,dataset/Hyphen/27 Segoe UI Semilight.jpg
Hyphen,dataset/Hyphen/27 Tahoma.jpg
Hyphen,dataset/Hyphen/27 Traditional Arabic.jpg
Hyphen,dataset/Hyphen/28 Andalus.jpg
Hyphen,dataset/Hyphen/28 Arial.jpg
Hyphen,dataset/Hyphen/28 Microsoft Uighur.jpg
Hyphen,dataset/Hyphen/28 Segoe UI Semilight.jpg
Hyphen,dataset/Hyphen/28 Tahoma.jpg
Hyphen,dataset/Hyphen/28 Traditional Arabic.jpg
Hyphen,dataset/Hyphen/29 Andalus.jpg
Hyphen,dataset/Hyphen/29 Arial.jpg
Hyphen,dataset/Hyphen/29 Microsoft Uighur.jpg
Hyphen,dataset/Hyphen/29 Segoe UI Semilight.jpg
Hyphen,dataset/Hyphen/29 Tahoma.jpg
Hyphen,dataset/Hyphen/29 Traditional Arabic.jpg
Hyphen,dataset/Hyphen/30 Andalus.jpg
Hyphen,dataset/Hyphen/30 Arial.jpg
Hyphen,dataset/Hyphen/30 Microsoft Uighur.jpg
Hyphen,dataset/Hyphen/30 Segoe UI Semilight.jpg
Hyphen,dataset/Hyphen/30 Tahoma.jpg
Hyphen,dataset/Hyphen/30 Traditional Arabic.jpg
Hyphen,dataset/Hyphen/31 Andalus.jpg
Hyphen,dataset/Hyphen/31 Arial.jpg
Hyphen,dataset/Hyphen/31 Microsoft Uighur.jpg
Hyphen,dataset/Hyphen/31 Segoe UI Semilight.jpg
Hyphen,dataset/Hyphen/31 Tahoma.jpg
Hyphen,dataset/Hyphen/31 Traditional Arabic.jpg
Hyphen,dataset/Hyphen/32 Andalus.jpg
Hyphen,dataset/Hyphen/32 Arial.jpg
Hyphen,dataset/Hyphen/32 Microsoft Uighur.jpg
Hyphen,dataset/Hyphen/32 Segoe UI Semilight.jpg
Hyphen,dataset/Hyphen/32 Tahoma.jpg
Hyphen,dataset/Hyphen/32 Traditional Arabic.jpg
Hyphen,dataset/Hyphen/33 Andalus.jpg
Hyphen,dataset/Hyphen/33 Arial.jpg
Hyphen,dataset/Hyphen/33 Microsoft Uighur.jpg
Hyphen,dataset/Hyphen/33 Segoe UI Semilight.jpg
Hyphen,dataset/Hyphen/33 Tahoma.jpg
Hyphen,dataset/Hyphen/33 Traditional Arabic.jpg
Hyphen,dataset/Hyphen/34 Andalus.jpg
Hyphen,dataset/Hyphen/34 Arial.jpg
Hyphen,dataset/Hyphen/34 Microsoft Uighur.jpg
Hyphen,dataset/Hyphen/34 Segoe UI Semilight.jpg
Hyphen,dataset/Hyphen/34 Tahoma.jpg
Hyphen,dataset/Hyphen/34 Traditional Arabic.jpg
Hyphen,dataset/Hyphen/35 Andalus.jpg
Hyphen,dataset/Hyphen/35 Arial.jpg
Hyphen,dataset/Hyphen/35 Microsoft Uighur.jpg
Hyphen,dataset/Hyphen/35 Segoe UI Semilight.jpg
Hyphen,dataset/Hyphen/35 Tahoma.jpg
Hyphen,dataset/Hyphen/35 Traditional Arabic.jpg
Hyphen,dataset/Hyphen/36 Andalus.jpg
Hyphen,dataset/Hyphen/36 Arial.jpg
Hyphen,dataset/Hyphen/36 Microsoft Uighur.jpg
Hyphen,dataset/Hyphen/36 Segoe UI Semilight.jpg
Hyphen,dataset/Hyphen/36 Tahoma.jpg
Hyphen,dataset/Hyphen/36 Traditional Arabic.jpg
Hyphen,dataset/Hyphen/37 Andalus.jpg
Hyphen,dataset/Hyphen/37 Arial.jpg
Hyphen,dataset/Hyphen/37 Microsoft Uighur.jpg
Hyphen,dataset/Hyphen/37 Segoe UI Semilight.jpg
Hyphen,dataset/Hyphen/37 Tahoma.jpg
Hyphen,dataset/Hyphen/37 Traditional Arabic.jpg
Hyphen,dataset/Hyphen/38 Andalus.jpg
Hyphen,dataset/Hyphen/38 Arial.jpg
Hyphen,dataset/Hyphen/38 Microsoft Uighur.jpg
Hyphen,dataset/Hyphen/38 Segoe UI Semilight.jpg
Hyphen,dataset/Hyphen/38 Tahoma.jpg
Hyphen,dataset/Hyphen/38 Traditional Arabic.jpg
Hyphen,dataset/Hyphen/39 Andalus.jpg
Hyphen,dataset/Hyphen/39 Arial.jpg
Hyphen,dataset/Hyphen/39 Microsoft Uighur.jpg
Hyphen,dataset/Hyphen/39 Segoe UI Semilight.jpg
Hyphen,dataset/Hyphen/39 Tahoma.jpg
Hyphen,dataset/Hyphen/39 Traditional Arabic.jpg
Hyphen,dataset/Hyphen/40 Andalus.jpg
Hyphen,dataset/Hyphen/40 Arial.jpg
Hyphen,dataset/Hyphen/40 Microsoft Uighur.jpg
Hyphen,dataset/Hyphen/40 Segoe UI Semilight.jpg
Hyphen,dataset/Hyphen/40 Tahoma.jpg
Hyphen,dataset/Hyphen/40 Traditional Arabic.jpg
left,dataset/left/11 Arial.jpg
left,dataset/left/11 Courier New.jpg
left,dataset/left/11 Traditional Arabic.jpg
left,dataset/left/12 Arial.jpg
left,dataset/left/12 Courier New.jpg
left,dataset/left/12 Segoe UI Semilight.jpg
left,dataset/left/12 Times New Roman.jpg
left,dataset/left/12 Traditional Arabic.jpg
left,dataset/left/13 Arial.jpg
left,dataset/left/13 Courier New.jpg
left,dataset/left/13 Segoe UI Semilight.jpg
left,dataset/left/13 Times New Roman.jpg
left,dataset/left/13 Traditional Arabic.jpg
left,dataset/left/14 Arial.jpg
left,dataset/left/14 Courier New.jpg
left,dataset/left/14 Segoe UI Semilight.jpg
left,dataset/left/14 Times New Roman.jpg
left,dataset/left/14 Traditional Arabic.jpg
left,dataset/left/15 Arial.jpg
left,dataset/left/15 Courier New.jpg
left,dataset/left/15 Segoe UI Semilight.jpg
left,dataset/left/15 Times New Roman.jpg
left,dataset/left/15 Traditional Arabic.jpg
left,dataset/left/16 Arial.jpg
left,dataset/left/16 Courier New.jpg
left,dataset/left/16 Segoe UI Semilight.jpg
left,dataset/left/16 Times New Roman.jpg
left,dataset/left/16 Traditional Arabic.jpg
left,dataset/left/17 Arial.jpg
left,dataset/left/17 Courier New.jpg
left,dataset/left/17 Segoe UI Semilight.jpg
left,dataset/left/17 Times New Roman.jpg
left,dataset/left/17 Traditional Arabic.jpg
left,dataset/left/18 Arial.jpg
left,dataset/left/18 Courier New.jpg
left,dataset/left/18 Segoe UI Semilight.jpg
left,dataset/left/18 Times New Roman.jpg
left,dataset/left/18 Traditional Arabic.jpg
left,dataset/left/19 Arial.jpg
left,dataset/left/19 Courier New.jpg
left,dataset/left/19 Segoe UI Semilight.jpg
left,dataset/left/19 Times New Roman.jpg
left,dataset/left/19 Traditional Arabic.jpg
left,dataset/left/20 Arial.jpg
left,dataset/left/20 Courier New.jpg
left,dataset/left/20 Segoe UI Semilight.jpg
left,dataset/left/20 Times New Roman.jpg
left,dataset/left/20 Traditional Arabic.jpg
left,dataset/left/21 Arial.jpg
left,dataset/left/21 Courier New.jpg
left,dataset/left/21 Segoe UI Semilight.jpg
left,dataset/left/21 Times New Roman.jpg
left,dataset/left/21 Traditional Arabic.jpg
left,dataset/left/22 Arial.jpg
left,dataset/left/22 Courier New.jpg
left,dataset/left/22 Segoe UI Semilight.jpg
left,dataset/left/22 Times New Roman.jpg
left,dataset/left/22 Traditional Arabic.jpg
left,dataset/left/23 Arial.jpg
left,dataset/left/23 Courier New.jpg
left,dataset/left/23 Segoe UI Semilight.jpg
left,dataset/left/23 Times New Roman.jpg
left,dataset/left/23 Traditional Arabic.jpg
left,dataset/left/24 Arial.jpg
left,dataset/left/24 Courier New.jpg
left,dataset/left/24 Segoe UI Semilight.jpg
left,dataset/left/24 Times New Roman.jpg
left,dataset/left/24 Traditional Arabic.jpg
left,dataset/left/25 Arial.jpg
left,dataset/left/25 Courier New.jpg
left,dataset/left/25 Segoe UI Semilight.jpg
left,dataset/left/25 Times New Roman.jpg
left,dataset/left/25 Traditional Arabic.jpg
left,dataset/left/26 Arial.jpg
left,dataset/left/26 Courier New.jpg
left,dataset/left/26 Times New Roman.jpg
left,dataset/left/26 Traditional Arabic.jpg
left,dataset/left/27 Arial.jpg
left,dataset/left/27 Courier New.jpg
left,dataset/left/27 Segoe UI Semilight.jpg
left,dataset/left/27 Times New Roman.jpg
left,dataset/left/27 Traditional Arabic.jpg
left,dataset/left/28 Arial.jpg
left,dataset/left/28 Courier New.jpg
left,dataset/left/28 Segoe UI Semilight.jpg
left,dataset/left/28 Times New Roman.jpg
left,dataset/left/28 Traditional Arabic.jpg
left,dataset/left/29 Arial.jpg
left,dataset/left/29 Courier New.jpg
left,dataset/left/29 Segoe UI Semilight.jpg
left,dataset/left/29 Times New Roman.jpg
left,dataset/left/29 Traditional Arabic.jpg
left,dataset/left/30 Arial.jpg
left,dataset/left/30 Courier New.jpg
left,dataset/left/30 Segoe UI Semilight.jpg
left,dataset/left/30 Times New Roman.jpg
left,dataset/left/30 Traditional Arabic.jpg
left,dataset/left/31 Arial.jpg
left,dataset/left/31 Courier New.jpg
left,dataset/left/31 Segoe UI Semilight.jpg
left,dataset/left/31 Times New Roman.jpg
left,dataset/left/31 Traditional Arabic.jpg
left,dataset/left/32 Arial.jpg
left,dataset/left/32 Courier New.jpg
left,dataset/left/32 Segoe UI Semilight.jpg
left,dataset/left/32 Times New Roman.jpg
left,dataset/left/32 Traditional Arabic.jpg
left,dataset/left/33 Arial.jpg
left,dataset/left/33 Courier New.jpg
left,dataset/left/33 Segoe UI Semilight.jpg
left,dataset/left/33 Times New Roman.jpg
left,dataset/left/33 Traditional Arabic.jpg
left,dataset/left/34 Courier New.jpg
left,dataset/left/34 Segoe UI Semilight.jpg
left,dataset/left/34 Times New Roman.jpg
left,dataset/left/34 Traditional Arabic.jpg
left,dataset/left/35 Arial.jpg
left,dataset/left/35 Courier New.jpg
left,dataset/left/35 Segoe UI Semilight.jpg
left,dataset/left/35 Times New Roman.jpg
left,dataset/left/35 Traditional Arabic.jpg
left,dataset/left/36 Arial.jpg
left,dataset/left/36 Courier New.jpg
left,dataset/left/36 Segoe UI Semilight.jpg
left,dataset/left/36 Times New Roman.jpg
left,dataset/left/36 Traditional Arabic.jpg
left,dataset/left/37 Arial.jpg
left,dataset/left/37 Courier New.jpg
left,dataset/left/37 Segoe UI Semilight.jpg
left,dataset/left/37 Times New Roman.jpg
left,dataset/left/37 Traditional Arabic.jpg
left,dataset/left/38 Arial.jpg
left,dataset/left/38 Courier New.jpg
left,dataset/left/38 Segoe UI Semilight.jpg
left,dataset/left/38 Times New Roman.jpg
left,dataset/left/38 Traditional Arabic.jpg
left,dataset/left/39 Arial.jpg
left,dataset/left/39 Segoe UI Semilight.jpg
left,dataset/left/39 Times New Roman.jpg
left,dataset/left/39 Traditional Arabic.jpg
left,dataset/left/40 Arial.jpg
left,dataset/left/40 Segoe UI Semilight.jpg
left,dataset/left/40 Traditional Arabic.jpg
question_mark,dataset/question_mark/12 Arial .jpg
question_mark,dataset/question_mark/12 Calibri.jpg
question_mark,dataset/question_mark/12 Segoe UI Semilight.jpg
question_mark,dataset/question_mark/12 Tahoma.jpg
question_mark,dataset/question_mark/12 Times New Roman.jpg
question_mark,dataset/question_mark/13 Arial.jpg
question_mark,dataset/question_mark/13 Calibri.jpg
question_mark,dataset/question_mark/13 Segoe UI Semilight.jpg
question_mark,dataset/question_mark/13 Tahoma.jpg
question_mark,dataset/question_mark/13 Times New Roman.jpg
question_mark,dataset/question_mark/14 Arial.jpg
question_mark,dataset/question_mark/14 Calibri.jpg
question_mark,dataset/question_mark/14 Segoe UI Semilight.jpg
question_mark,dataset/question_mark/14 Tahoma.jpg
question_mark,dataset/question_mark/14 Times New Roman.jpg
question_mark,dataset/question_mark/15 Arial.jpg
question_mark,dataset/question_mark/15 Calibri.jpg
question_mark,dataset/question_mark/15 Segoe UI Semilight.jpg
question_mark,dataset/question_mark/15 Tahoma.jpg
question_mark,dataset/question_mark/15 Times New Roman.jpg
question_mark,dataset/question_mark/16 Arial.jpg
question_mark,dataset/question_mark/16 Calibri.jpg
question_mark,dataset/question_mark/16 Segoe UI Semilight.jpg
question_mark,dataset/question_mark/16 Tahoma.jpg
question_mark,dataset/question_mark/16 Times New Roman.jpg
question_mark,dataset/question_mark/17 Arial.jpg
question_mark,dataset/question_mark/17 Calibri.jpg
question_mark,dataset/question_mark/17 Segoe UI Semilight.jpg
question_mark,dataset/question_mark/17 Tahoma.jpg
question_mark,dataset/question_mark/17 Times New Roman.jpg
question_mark,dataset/question_mark/18 Arial.jpg
question_mark,dataset/question_mark/18 Calibri.jpg
question_mark,dataset/question_mark/18 Segoe UI Semilight.jpg
question_mark,dataset/question_mark/18 Tahoma.jpg
question_mark,dataset/question_mark/18 Times New Roman.jpg
question_mark,dataset/question_mark/19 Arial.jpg
question_mark,dataset/question_mark/19 Calibri.jpg
question_mark,dataset/question_mark/19 Segoe UI Semilight.jpg
question_mark,dataset/question_mark/19 Tahoma.jpg
question_mark,dataset/question_mark/19 Times New Roman.jpg
question_mark,dataset/question_mark/20 Arial.jpg
question_mark,dataset/question_mark/20 Calibri.jpg
question_mark,dataset/question_mark/20 Segoe UI Semilight.jpg
question_mark,dataset/question_mark/20 Tahoma.jpg
question_mark,dataset/question_mark/20 Times New Roman.jpg
question_mark,dataset/question_mark/21 Arial.jpg
question_mark,dataset/question_mark/21 Calibri.jpg
question_mark,dataset/question_mark/21 Segoe UI Semilight.jpg
question_mark,dataset/question_mark/21 Tahoma.jpg
question_mark,dataset/question_mark/21 Times New Roman.jpg
question_mark,dataset/question_mark/22 Arial.jpg
question_mark,dataset/question_mark/22 Calibri.jpg
question_mark,dataset/question_mark/22 Segoe UI Semilight.jpg
question_mark,dataset/question_mark/22 Tahoma.jpg
question_mark,dataset/question_mark/22 Times New Roman.jpg
question_mark,dataset/question_mark/23 Arial.jpg
question_mark,dataset/question_mark/23 Calibri.jpg
question_mark,dataset/question_mark/23 Segoe UI Semilight.jpg
question_mark,dataset/question_mark/23 Tahoma.jpg
question_mark,dataset/question_mark/23 Times New Roman.jpg
question_mark,dataset/question_mark/24 Arial.jpg
question_mark,dataset/question_mark/24 Calibri.jpg
question_mark,dataset/question_mark/24 Segoe UI Semilight.jpg
question_mark,dataset/question_mark/24 Tahoma.jpg
question_mark,dataset/question_mark/24 Times New Roman.jpg
question_mark,dataset/question_mark/25 Arial.jpg
question_mark,dataset/question_mark/25 Calibri.jpg
question_mark,dataset/question_mark/25 Segoe UI Semilight.jpg
question_mark,dataset/question_mark/25 Tahoma.jpg
question_mark,dataset/question_mark/25 Times New Roman.jpg
question_mark,dataset/question_mark/26 Arial.jpg
question_mark,dataset/question_mark/26 Calibri.jpg
question_mark,dataset/question_mark/26 Segoe UI Semilight.jpg
question_mark,dataset/question_mark/26 Tahoma.jpg
question_mark,dataset/question_mark/26 Times New Roman.jpg
question_mark,dataset/question_mark/27 Arial.jpg
question_mark,dataset/question_mark/27 Calibri.jpg
question_mark,dataset/question_mark/27 Segoe UI Semilight.jpg
question_mark,dataset/question_mark/27 Tahoma.jpg
question_mark,dataset/question_mark/27 Times New Roman.jpg
question_mark,dataset/question_mark/28 Arial.jpg
question_mark,dataset/question_mark/28 Calibri.jpg
question_mark,dataset/question_mark/28 Segoe UI Semilight.jpg
question_mark,dataset/question_mark/28 Tahoma.jpg
question_mark,dataset/question_mark/28 Times New Roman.jpg
question_mark,dataset/question_mark/29 Arial.jpg
question_mark,dataset/question_mark/29 Calibri.jpg
question_mark,dataset/question_mark/29 Segoe UI Semilight.jpg
question_mark,dataset/question_mark/29 Tahoma.jpg
question_mark,dataset/question_mark/29 Times New Roman.jpg
question_mark,dataset/question_mark/30 Arial.jpg
question_mark,dataset/question_mark/30 Calibri.jpg
question_mark,dataset/question_mark/30 Segoe UI Semilight.jpg
question_mark,dataset/question_mark/30 Tahoma.jpg
question_mark,dataset/question_mark/30 Times New Roman.jpg
question_mark,dataset/question_mark/31 Arial.jpg
question_mark,dataset/question_mark/31 Calibri.jpg
question_mark,dataset/question_mark/31 Segoe UI Semilight.jpg
question_mark,dataset/question_mark/31 Tahoma.jpg
question_mark,dataset/question_mark/31 Times New Roman.jpg
question_mark,dataset/question_mark/32 Arial.jpg
question_mark,dataset/question_mark/32 Calibri.jpg
question_mark,dataset/question_mark/32 Segoe UI Semilight.jpg
question_mark,dataset/question_mark/32 Tahoma.jpg
question_mark,dataset/question_mark/32 Times New Roman.jpg
question_mark,dataset/question_mark/33 Arial.jpg
question_mark,dataset/question_mark/33 Calibri.jpg
question_mark,dataset/question_mark/33 Segoe UI Semilight.jpg
question_mark,dataset/question_mark/33 Tahoma.jpg
question_mark,dataset/question_mark/33 Times New Roman.jpg
question_mark,dataset/question_mark/34 Arial.jpg
question_mark,dataset/question_mark/34 Calibri.jpg
question_mark,dataset/question_mark/34 Segoe UI Semilight.jpg
question_mark,dataset/question_mark/34 Tahoma.jpg
question_mark,dataset/question_mark/34 Times New Roman.jpg
question_mark,dataset/question_mark/35 Arial.jpg
question_mark,dataset/question_mark/35 Calibri.jpg
question_mark,dataset/question_mark/35 Segoe UI Semilight.jpg
question_mark,dataset/question_mark/35 Tahoma.jpg
question_mark,dataset/question_mark/35 Times New Roman.jpg
question_mark,dataset/question_mark/36 Arial.jpg
question_mark,dataset/question_mark/36 Calibri.jpg
question_mark,dataset/question_mark/36 Segoe UI Semilight.jpg
question_mark,dataset/question_mark/36 Tahoma.jpg
question_mark,dataset/question_mark/36 Times New Roman.jpg
question_mark,dataset/question_mark/37 Arial.jpg
question_mark,dataset/question_mark/37 Calibri.jpg
question_mark,dataset/question_mark/37 Segoe UI Semilight.jpg
question_mark,dataset/question_mark/37 Tahoma.jpg
question_mark,dataset/question_mark/37 Times New Roman.jpg
question_mark,dataset/question_mark/38 Arial.jpg
question_mark,dataset/question_mark/38 Calibri.jpg
question_mark,dataset/question_mark/38 Segoe UI Semilight.jpg
question_mark,dataset/question_mark/38 Tahoma.jpg
question_mark,dataset/question_mark/38 Times New Roman.jpg
question_mark,dataset/question_mark/39 Arial.jpg
question_mark,dataset/question_mark/39 Calibri.jpg
question_mark,dataset/question_mark/39 Segoe UI Semilight.jpg
question_mark,dataset/question_mark/39 Tahoma.jpg
question_mark,dataset/question_mark/39 Times New Roman.jpg
question_mark,dataset/question_mark/40 Arial.jpg
question_mark,dataset/question_mark/40 Calibri.jpg
question_mark,dataset/question_mark/40 Segoe UI Semilight.jpg
question_mark,dataset/question_mark/40 Tahoma.jpg
question_mark,dataset/question_mark/40 Times New Roman.jpg
right,dataset/right/12 Andalus.jpg
right,dataset/right/12 Calibri Light.jpg
right,dataset/right/12 Courier New.jpg
right,dataset/right/12 Segoe UI Semilight.jpg
right,dataset/right/12 Times New Roman.jpg
right,dataset/right/13 Andalus.jpg
right,dataset/right/13 Calibri Light.jpg
right,dataset/right/13 Courier New.jpg
right,dataset/right/13 Segoe UI Semilight.jpg
right,dataset/right/13 Times New Roman.jpg
right,dataset/right/14 Andalus.jpg
right,dataset/right/14 Calibri Light.jpg
right,dataset/right/14 Courier New.jpg
right,dataset/right/14 Segoe UI Semilight.jpg
right,dataset/right/14 Times New Roman.jpg
right,dataset/right/15 Andalus.jpg
right,dataset/right/15 Calibri Light.jpg
right,dataset/right/15 Courier New.jpg
right,dataset/right/15 Segoe UI Semilight.jpg
right,dataset/right/15 Times New Roman.jpg
right,dataset/right/16 Andalus.jpg
right,dataset/right/16 Calibri Light.jpg
right,dataset/right/16 Courier New.jpg
right,dataset/right/16 Segoe UI Semilight.jpg
right,dataset/right/16 Times New Roman.jpg
right,dataset/right/17 Andalus.jpg
right,dataset/right/17 Calibri Light.jpg
right,dataset/right/17 Courier New.jpg
right,dataset/right/17 Segoe UI Semilight.jpg
right,dataset/right/17 Times New Roman.jpg
right,dataset/right/18 Andalus.jpg
right,dataset/right/18 Calibri Light.jpg
right,dataset/right/18 Courier New.jpg
right,dataset/right/18 Segoe UI Semilight.jpg
right,dataset/right/18 Times New Roman.jpg
right,dataset/right/19 Andalus.jpg
right,dataset/right/19 Calibri Light.jpg
right,dataset/right/19 Courier New.jpg
right,dataset/right/19 Segoe UI Semilight.jpg
right,dataset/right/19 Times New Roman.jpg
right,dataset/right/20 Andalus.jpg
right,dataset/right/20 Calibri Light.jpg
right,dataset/right/20 Courier New.jpg
right,dataset/right/20 Segoe UI Semilight.jpg
right,dataset/right/20 Times New Roman.jpg
right,dataset/right/21 Andalus.jpg
right,dataset/right/21 Calibri Light.jpg
right,dataset/right/21 Courier New.jpg
right,dataset/right/21 Segoe UI Semilight.jpg
right,dataset/right/21 Times New Roman.jpg
right,dataset/right/22 Andalus.jpg
right,dataset/right/22 Calibri Light.jpg
right,dataset/right/22 Courier New.jpg
right,dataset/right/22 Segoe UI Semilight.jpg
right,dataset/right/22 Times New Roman.jpg
right,dataset/right/23 Andalus.jpg
right,dataset/right/23 Calibri Light.jpg
right,dataset/right/23 Courier New.jpg
right,dataset/right/23 Segoe UI Semilight.jpg
right,dataset/right/23 Times New Roman.jpg
right,dataset/right/24 Andalus.jpg
right,dataset/right/24 Calibri Light.jpg
right,dataset/right/24 Courier New.jpg
right,dataset/right/24 Segoe UI Semilight.jpg
right,dataset/right/24 Times New Roman.jpg
right,dataset/right/25 Andalus.jpg
right,dataset/right/25 Calibri Light.jpg
right,dataset/right/25 Courier New.jpg
right,dataset/right/25 Segoe UI Semilight.jpg
right,dataset/right/25 Times New Roman.jpg
right,dataset/right/26 Andalus.jpg
right,dataset/right/26 Calibri Light.jpg
right,dataset/right/26 Courier New.jpg
right,dataset/right/26 Segoe UI Semilight.jpg
right,dataset/right/26 Times New Roman.jpg
right,dataset/right/27 Andalus.jpg
right,dataset/right/27 Calibri Light.jpg
right,dataset/right/27 Courier New.jpg
right,dataset/right/27 Segoe UI Semilight.jpg
right,dataset/right/27 Times New Roman.jpg
right,dataset/right/28 Andalus.jpg
right,dataset/right/28 Calibri Light.jpg
right,dataset/right/28 Courier New.jpg
right,dataset/right/28 Segoe UI Semilight.jpg
right,dataset/right/28 Times New Roman.jpg
right,dataset/right/29 Calibri Light.jpg
right,dataset/right/29 Courier New.jpg
right,dataset/right/29 Segoe UI Semilight.jpg
right,dataset/right/29 Times New Roman.jpg
right,dataset/right/30 Andalus.jpg
right,dataset/right/30 Calibri Light.jpg
right,dataset/right/30 Courier New.jpg
right,dataset/right/30 Segoe UI Semilight.jpg
right,dataset/right/30 Times New Roman.jpg
right,dataset/right/31 Calibri Light.jpg
right,dataset/right/31 Courier New.jpg
right,dataset/right/31 Segoe UI Semilight.jpg
right,dataset/right/31 Times New Roman.jpg
right,dataset/right/32 Andalus.jpg
right,dataset/right/32 Calibri Light.jpg
right,dataset/right/32 Courier New.jpg
right,dataset/right/32 Segoe UI Semilight.jpg
right,dataset/right/32 Times New Roman.jpg
right,dataset/right/33 Andalus.jpg
right,dataset/right/33 Calibri Light.jpg
right,dataset/right/33 Courier New.jpg
right,dataset/right/33 Segoe UI Semilight.jpg
right,dataset/right/33 Times New Roman.jpg
right,dataset/right/34 Andalus.jpg
right,dataset/right/34 Calibri Light.jpg
right,dataset/right/34 Courier New.jpg
right,dataset/right/34 Segoe UI Semilight.jpg
right,dataset/right/34 Times New Roman.jpg
right,dataset/right/35 Andalus.jpg
right,dataset/right/35 Courier New.jpg
right,dataset/right/35 Segoe UI Semilight.jpg
right,dataset/right/35 Times New Roman.jpg
right,dataset/right/36 Andalus.jpg
right,dataset/right/36 Calibri Light.jpg
right,dataset/right/36 Courier New.jpg
right,dataset/right/36 Segoe UI Semilight.jpg
right,dataset/right/36 Times New Roman.jpg
right,dataset/right/37 Andalus.jpg
right,dataset/right/37 Calibri Light.jpg
right,dataset/right/37 Courier New.jpg
right,dataset/right/37 Segoe UI Semilight.jpg
right,dataset/right/37 Times New Roman.jpg
right,dataset/right/38 Andalus.jpg
right,dataset/right/38 Calibri Light.jpg
right,dataset/right/38 Segoe UI Semilight.jpg
right,dataset/right/38 Times New Roman.jpg
right,dataset/right/39 Andalus.jpg
right,dataset/right/39 Calibri Light.jpg
right,dataset/right/39 Courier New.jpg
right,dataset/right/39 Segoe UI Semilight.jpg
right,dataset/right/39 Times New Roman.jpg
right,dataset/right/40 Andalus.jpg
right,dataset/right/40 Calibri Light.jpg
right,dataset/right/40 Courier New.jpg
right,dataset/right/40 Segoe UI Semilight.jpg
right,dataset/right/40 Times New Roman.jpg
semicolon,dataset/semicolon/12 Arial.jpg
semicolon,dataset/semicolon/12 Calibri.jpg
semicolon,dataset/semicolon/12 Segoe UI Semilight.jpg
semicolon,dataset/semicolon/12 Tahoma.jpg
semicolon,dataset/semicolon/12 Times New Roman.jpg
semicolon,dataset/semicolon/13 Arial.jpg
semicolon,dataset/semicolon/13 Calibri.jpg
semicolon,dataset/semicolon/13 Segoe UI Semilight.jpg
semicolon,dataset/semicolon/13 Tahoma.jpg
semicolon,dataset/semicolon/13 Times New Roman.jpg
semicolon,dataset/semicolon/14 Arial.jpg
semicolon,dataset/semicolon/14 Calibri.jpg
semicolon,dataset/semicolon/14 Segoe UI Semilight.jpg
semicolon,dataset/semicolon/14 Tahoma.jpg
semicolon,dataset/semicolon/14 Times New Roman.jpg
semicolon,dataset/semicolon/15 Arial.jpg
semicolon,dataset/semicolon/15 Calibri.jpg
semicolon,dataset/semicolon/15 Segoe UI Semilight.jpg
semicolon,dataset/semicolon/15 Tahoma.jpg
semicolon,dataset/semicolon/15 Times New Roman.jpg
semicolon,dataset/semicolon/16 Arial.jpg
semicolon,dataset/semicolon/16 Calibri.jpg
semicolon,dataset/semicolon/16 Segoe UI Semilight.jpg
semicolon,dataset/semicolon/16 Tahoma.jpg
semicolon,dataset/semicolon/16 Times New Roman.jpg
semicolon,dataset/semicolon/17 Arial.jpg
semicolon,dataset/semicolon/17 Calibri.jpg
semicolon,dataset/semicolon/17 Segoe UI Semilight.jpg
semicolon,dataset/semicolon/17 Tahoma.jpg
semicolon,dataset/semicolon/17 Times New Roman.jpg
semicolon,dataset/semicolon/18 Arial.jpg
semicolon,dataset/semicolon/18 Calibri.jpg
semicolon,dataset/semicolon/18 Segoe UI Semilight.jpg
semicolon,dataset/semicolon/18 Tahoma.jpg
semicolon,dataset/semicolon/18 Times New Roman.jpg
semicolon,dataset/semicolon/19 Arial.jpg
semicolon,dataset/semicolon/19 Calibri.jpg
semicolon,dataset/semicolon/19 Segoe UI Semilight.jpg
semicolon,dataset/semicolon/19 Tahoma.jpg
semicolon,dataset/semicolon/19 Times New Roman.jpg
semicolon,dataset/semicolon/20 Arial.jpg
semicolon,dataset/semicolon/20 Calibri.jpg
semicolon,dataset/semicolon/20 Segoe UI Semilight.jpg
semicolon,dataset/semicolon/20 Tahoma.jpg
semicolon,dataset/semicolon/20 Times New Roman.jpg
semicolon,dataset/semicolon/21 Arial.jpg
semicolon,dataset/semicolon/21 Calibri.jpg
semicolon,dataset/semicolon/21 Segoe UI Semilight.jpg
semicolon,dataset/semicolon/21 Tahoma.jpg
semicolon,dataset/semicolon/21 Times New Roman.jpg
semicolon,dataset/semicolon/22 Arial.jpg
semicolon,dataset/semicolon/22 Calibri.jpg
semicolon,dataset/semicolon/22 Segoe UI Semilight.jpg
semicolon,dataset/semicolon/22 Tahoma.jpg
semicolon,dataset/semicolon/22 Times New Roman.jpg
semicolon,dataset/semicolon/23 Arial.jpg
semicolon,dataset/semicolon/23 Calibri.jpg
semicolon,dataset/semicolon/23 Segoe UI Semilight.jpg
semicolon,dataset/semicolon/23 Tahoma.jpg
semicolon,dataset/semicolon/23 Times New Roman.jpg
semicolon,dataset/semicolon/24 Arial.jpg
semicolon,dataset/semicolon/24 Calibri.jpg
semicolon,dataset/semicolon/24 Segoe UI Semilight.jpg
semicolon,dataset/semicolon/24 Tahoma.jpg
semicolon,dataset/semicolon/24 Times New Roman.jpg
semicolon,dataset/semicolon/25 Arial.jpg
semicolon,dataset/semicolon/25 Calibri.jpg
semicolon,dataset/semicolon/25 Segoe UI Semilight.jpg
semicolon,dataset/semicolon/25 Tahoma.jpg
semicolon,dataset/semicolon/25 Times New Roman.jpg
semicolon,dataset/semicolon/26 Arial.jpg
semicolon,dataset/semicolon/26 Calibri.jpg
semicolon,dataset/semicolon/26 Segoe UI Semilight.jpg
semicolon,dataset/semicolon/26 Tahoma.jpg
semicolon,dataset/semicolon/26 Times New Roman.jpg
semicolon,dataset/semicolon/27 Arial.jpg
semicolon,dataset/semicolon/27 Calibri.jpg
semicolon,dataset/semicolon/27 Segoe UI Semilight.jpg
semicolon,dataset/semicolon/27 Tahoma.jpg
semicolon,dataset/semicolon/27 Times New Roman.jpg
semicolon,dataset/semicolon/28 Arial.jpg
semicolon,dataset/semicolon/28 Calibri.jpg
semicolon,dataset/semicolon/28 Segoe UI Semilight.jpg
semicolon,dataset/semicolon/28 Tahoma.jpg
semicolon,dataset/semicolon/28 Times New Roman.jpg
semicolon,dataset/semicolon/29 Arial.jpg
semicolon,dataset/semicolon/29 Calibri.jpg
semicolon,dataset/semicolon/29 Segoe UI Semilight.jpg
semicolon,dataset/semicolon/29 Tahoma.jpg
semicolon,dataset/semicolon/29 Times New Roman.jpg
semicolon,dataset/semicolon/30 Arial.jpg
semicolon,dataset/semicolon/30 Calibri.jpg
semicolon,dataset/semicolon/30 Segoe UI Semilight.jpg
semicolon,dataset/semicolon/30 Tahoma.jpg
semicolon,dataset/semicolon/30 Times New Roman.jpg
semicolon,dataset/semicolon/31 Arial.jpg
semicolon,dataset/semicolon/31 Calibri.jpg
semicolon,dataset/semicolon/31 Segoe UI Semilight.jpg
semicolon,dataset/semicolon/31 Tahoma.jpg
semicolon,dataset/semicolon/31 Times New Roman.jpg
semicolon,dataset/semicolon/32 Arial.jpg
semicolon,dataset/semicolon/32 Calibri.jpg
semicolon,dataset/semicolon/32 Segoe UI Semilight.jpg
semicolon,dataset/semicolon/32 Tahoma.jpg
semicolon,dataset/semicolon/32 Times New Roman.jpg
semicolon,dataset/semicolon/33 Arial.jpg
semicolon,dataset/semicolon/33 Calibri.jpg
semicolon,dataset/semicolon/33 Segoe UI Semilight.jpg
semicolon,dataset/semicolon/33 Tahoma.jpg
semicolon,dataset/semicolon/33 Times New Roman.jpg
semicolon,dataset/semicolon/34 Arial.jpg
semicolon,dataset/semicolon/34 Calibri.jpg
semicolon,dataset/semicolon/34 Segoe UI Semilight.jpg
semicolon,dataset/semicolon/34 Tahoma.jpg
semicolon,dataset/semicolon/34 Times New Roman.jpg
semicolon,dataset/semicolon/35 Arial.jpg
semicolon,dataset/semicolon/35 Calibri.jpg
semicolon,dataset/semicolon/35 Segoe UI Semilight.jpg
semicolon,dataset/semicolon/35 Tahoma.jpg
semicolon,dataset/semicolon/35 Times New Roman.jpg
semicolon,dataset/semicolon/36 Arial.jpg
semicolon,dataset/semicolon/36 Calibri.jpg
semicolon,dataset/semicolon/36 Segoe UI Semilight.jpg
semicolon,dataset/semicolon/36 Tahoma.jpg
semicolon,dataset/semicolon/36 Times New Roman.jpg
semicolon,dataset/semicolon/37 Arial.jpg
semicolon,dataset/semicolon/37 Calibri.jpg
semicolon,dataset/semicolon/37 Segoe UI Semilight.jpg
semicolon,dataset/semicolon/37 Tahoma.jpg
semicolon,dataset/semicolon/37 Times New Roman.jpg
semicolon,dataset/semicolon/38 Arial.jpg
semicolon,dataset/semicolon/38 Calibri.jpg
semicolon,dataset/semicolon/38 Segoe UI Semilight.jpg
semicolon,dataset/semicolon/38 Tahoma.jpg
semicolon,dataset/semicolon/38 Times New Roman.jpg
semicolon,dataset/semicolon/39 Arial.jpg
semicolon,dataset/semicolon/39 Calibri.jpg
semicolon,dataset/semicolon/39 Segoe UI Semilight.jpg
semicolon,dataset/semicolon/39 Tahoma.jpg
semicolon,dataset/semicolon/39 Times New Roman.jpg
semicolon,dataset/semicolon/40 Arial.jpg
semicolon,dataset/semicolon/40 Calibri.jpg
semicolon,dataset/semicolon/40 Segoe UI Semilight.jpg
semicolon,dataset/semicolon/40 Tahoma.jpg
semicolon,dataset/semicolon/40 Times New Roman.jpg
